{"15": 3.0826207778398147, "16": 3.3452143996557986, "17": 3.638515188251213, "18": 3.7245686099260427, "19": 3.9467516697410026, "20": 4.124236931082491, "21": 4.345330044913717, "22": 4.589047005532435, "23": 4.616395871525001, "24": 4.949084317298989, "25": 5.03964870715991, "26": 5.218534463463045, "27": 5.573092193423822, "28": 5.858938447362113, "29": 5.820673055401088, "30": 6.074632699835789, "31": 6.339515834567672, "32": 6.553961358818735, "33": 6.700790415617078, "34": 7.009293430541479, "35": 7.13404919563606, "36": 7.294101587285377, "37": 7.502268152831314, "38": 7.827115106150167, "39": 8.010438776280234, "40": 7.7228984804981335}